filename,object_location,image_small,image_thumb
col010_mfdimages_00001.jpg,/objects/col010_mfdimages_00001.jpg,/objects/small/col010_mfdimages_00001_sm.jpg,/objects/thumbs/col010_mfdimages_00001_th.jpg
col010_mfdimages_00002.jpg,/objects/col010_mfdimages_00002.jpg,/objects/small/col010_mfdimages_00002_sm.jpg,/objects/thumbs/col010_mfdimages_00002_th.jpg
col010_mfdimages_00003.jpg,/objects/col010_mfdimages_00003.jpg,/objects/small/col010_mfdimages_00003_sm.jpg,/objects/thumbs/col010_mfdimages_00003_th.jpg
col010_mfdimages_00004.jpg,/objects/col010_mfdimages_00004.jpg,/objects/small/col010_mfdimages_00004_sm.jpg,/objects/thumbs/col010_mfdimages_00004_th.jpg
col010_mfdimages_00005.jpg,/objects/col010_mfdimages_00005.jpg,/objects/small/col010_mfdimages_00005_sm.jpg,/objects/thumbs/col010_mfdimages_00005_th.jpg
col010_mfdimages_00006.jpg,/objects/col010_mfdimages_00006.jpg,/objects/small/col010_mfdimages_00006_sm.jpg,/objects/thumbs/col010_mfdimages_00006_th.jpg
col010_mfdimages_00007.jpg,/objects/col010_mfdimages_00007.jpg,/objects/small/col010_mfdimages_00007_sm.jpg,/objects/thumbs/col010_mfdimages_00007_th.jpg
col010_mfdimages_00008.jpg,/objects/col010_mfdimages_00008.jpg,/objects/small/col010_mfdimages_00008_sm.jpg,/objects/thumbs/col010_mfdimages_00008_th.jpg
col010_mfdimages_00009.jpg,/objects/col010_mfdimages_00009.jpg,/objects/small/col010_mfdimages_00009_sm.jpg,/objects/thumbs/col010_mfdimages_00009_th.jpg
col010_mfdimages_00010.jpg,/objects/col010_mfdimages_00010.jpg,/objects/small/col010_mfdimages_00010_sm.jpg,/objects/thumbs/col010_mfdimages_00010_th.jpg
col010_mfdimages_00011.jpg,/objects/col010_mfdimages_00011.jpg,/objects/small/col010_mfdimages_00011_sm.jpg,/objects/thumbs/col010_mfdimages_00011_th.jpg
col010_mfdimages_00012.jpg,/objects/col010_mfdimages_00012.jpg,/objects/small/col010_mfdimages_00012_sm.jpg,/objects/thumbs/col010_mfdimages_00012_th.jpg
col010_mfdimages_00013.jpg,/objects/col010_mfdimages_00013.jpg,/objects/small/col010_mfdimages_00013_sm.jpg,/objects/thumbs/col010_mfdimages_00013_th.jpg
col010_mfdimages_00014.jpg,/objects/col010_mfdimages_00014.jpg,/objects/small/col010_mfdimages_00014_sm.jpg,/objects/thumbs/col010_mfdimages_00014_th.jpg
col010_mfdimages_00015.jpg,/objects/col010_mfdimages_00015.jpg,/objects/small/col010_mfdimages_00015_sm.jpg,/objects/thumbs/col010_mfdimages_00015_th.jpg
col010_mfdimages_00016.jpg,/objects/col010_mfdimages_00016.jpg,/objects/small/col010_mfdimages_00016_sm.jpg,/objects/thumbs/col010_mfdimages_00016_th.jpg
col010_mfdimages_00017.jpg,/objects/col010_mfdimages_00017.jpg,/objects/small/col010_mfdimages_00017_sm.jpg,/objects/thumbs/col010_mfdimages_00017_th.jpg
col010_mfdimages_00018.jpg,/objects/col010_mfdimages_00018.jpg,/objects/small/col010_mfdimages_00018_sm.jpg,/objects/thumbs/col010_mfdimages_00018_th.jpg
col010_mfdimages_00019.jpg,/objects/col010_mfdimages_00019.jpg,/objects/small/col010_mfdimages_00019_sm.jpg,/objects/thumbs/col010_mfdimages_00019_th.jpg
col010_mfdimages_00020.jpg,/objects/col010_mfdimages_00020.jpg,/objects/small/col010_mfdimages_00020_sm.jpg,/objects/thumbs/col010_mfdimages_00020_th.jpg
col010_mfdimages_00021.jpg,/objects/col010_mfdimages_00021.jpg,/objects/small/col010_mfdimages_00021_sm.jpg,/objects/thumbs/col010_mfdimages_00021_th.jpg
col010_mfdimages_00022.jpg,/objects/col010_mfdimages_00022.jpg,/objects/small/col010_mfdimages_00022_sm.jpg,/objects/thumbs/col010_mfdimages_00022_th.jpg
col010_mfdimages_00023.jpg,/objects/col010_mfdimages_00023.jpg,/objects/small/col010_mfdimages_00023_sm.jpg,/objects/thumbs/col010_mfdimages_00023_th.jpg
col010_mfdimages_00024.jpg,/objects/col010_mfdimages_00024.jpg,/objects/small/col010_mfdimages_00024_sm.jpg,/objects/thumbs/col010_mfdimages_00024_th.jpg
col010_mfdimages_00025.jpg,/objects/col010_mfdimages_00025.jpg,/objects/small/col010_mfdimages_00025_sm.jpg,/objects/thumbs/col010_mfdimages_00025_th.jpg
col010_mfdimages_00026.jpg,/objects/col010_mfdimages_00026.jpg,/objects/small/col010_mfdimages_00026_sm.jpg,/objects/thumbs/col010_mfdimages_00026_th.jpg
col010_mfdimages_00027.jpg,/objects/col010_mfdimages_00027.jpg,/objects/small/col010_mfdimages_00027_sm.jpg,/objects/thumbs/col010_mfdimages_00027_th.jpg
col010_mfdimages_00028.jpg,/objects/col010_mfdimages_00028.jpg,/objects/small/col010_mfdimages_00028_sm.jpg,/objects/thumbs/col010_mfdimages_00028_th.jpg
col010_mfdimages_00029.jpg,/objects/col010_mfdimages_00029.jpg,/objects/small/col010_mfdimages_00029_sm.jpg,/objects/thumbs/col010_mfdimages_00029_th.jpg
col010_mfdimages_00030.jpg,/objects/col010_mfdimages_00030.jpg,/objects/small/col010_mfdimages_00030_sm.jpg,/objects/thumbs/col010_mfdimages_00030_th.jpg
col010_mfdimages_00031.jpg,/objects/col010_mfdimages_00031.jpg,/objects/small/col010_mfdimages_00031_sm.jpg,/objects/thumbs/col010_mfdimages_00031_th.jpg
col010_mfdimages_00032.jpg,/objects/col010_mfdimages_00032.jpg,/objects/small/col010_mfdimages_00032_sm.jpg,/objects/thumbs/col010_mfdimages_00032_th.jpg
col010_mfdimages_00033.jpg,/objects/col010_mfdimages_00033.jpg,/objects/small/col010_mfdimages_00033_sm.jpg,/objects/thumbs/col010_mfdimages_00033_th.jpg
col010_mfdimages_00034.jpg,/objects/col010_mfdimages_00034.jpg,/objects/small/col010_mfdimages_00034_sm.jpg,/objects/thumbs/col010_mfdimages_00034_th.jpg
col010_mfdimages_00035.jpg,/objects/col010_mfdimages_00035.jpg,/objects/small/col010_mfdimages_00035_sm.jpg,/objects/thumbs/col010_mfdimages_00035_th.jpg
col010_mfdimages_00036.jpg,/objects/col010_mfdimages_00036.jpg,/objects/small/col010_mfdimages_00036_sm.jpg,/objects/thumbs/col010_mfdimages_00036_th.jpg
col010_mfdimages_00037.jpg,/objects/col010_mfdimages_00037.jpg,/objects/small/col010_mfdimages_00037_sm.jpg,/objects/thumbs/col010_mfdimages_00037_th.jpg
col010_mfdimages_00038.jpg,/objects/col010_mfdimages_00038.jpg,/objects/small/col010_mfdimages_00038_sm.jpg,/objects/thumbs/col010_mfdimages_00038_th.jpg
col010_mfdimages_00039.jpg,/objects/col010_mfdimages_00039.jpg,/objects/small/col010_mfdimages_00039_sm.jpg,/objects/thumbs/col010_mfdimages_00039_th.jpg
col010_mfdimages_00040.jpg,/objects/col010_mfdimages_00040.jpg,/objects/small/col010_mfdimages_00040_sm.jpg,/objects/thumbs/col010_mfdimages_00040_th.jpg
col010_mfdimages_00041.jpg,/objects/col010_mfdimages_00041.jpg,/objects/small/col010_mfdimages_00041_sm.jpg,/objects/thumbs/col010_mfdimages_00041_th.jpg
col010_mfdimages_00042.jpg,/objects/col010_mfdimages_00042.jpg,/objects/small/col010_mfdimages_00042_sm.jpg,/objects/thumbs/col010_mfdimages_00042_th.jpg
col010_mfdimages_00043.jpg,/objects/col010_mfdimages_00043.jpg,/objects/small/col010_mfdimages_00043_sm.jpg,/objects/thumbs/col010_mfdimages_00043_th.jpg
col010_mfdimages_00044.jpg,/objects/col010_mfdimages_00044.jpg,/objects/small/col010_mfdimages_00044_sm.jpg,/objects/thumbs/col010_mfdimages_00044_th.jpg
col010_mfdimages_00045.jpg,/objects/col010_mfdimages_00045.jpg,/objects/small/col010_mfdimages_00045_sm.jpg,/objects/thumbs/col010_mfdimages_00045_th.jpg
col010_mfdimages_00046.jpg,/objects/col010_mfdimages_00046.jpg,/objects/small/col010_mfdimages_00046_sm.jpg,/objects/thumbs/col010_mfdimages_00046_th.jpg
col010_mfdimages_00047.jpg,/objects/col010_mfdimages_00047.jpg,/objects/small/col010_mfdimages_00047_sm.jpg,/objects/thumbs/col010_mfdimages_00047_th.jpg
col010_mfdimages_00048.jpg,/objects/col010_mfdimages_00048.jpg,/objects/small/col010_mfdimages_00048_sm.jpg,/objects/thumbs/col010_mfdimages_00048_th.jpg
col010_mfdimages_00049.jpg,/objects/col010_mfdimages_00049.jpg,/objects/small/col010_mfdimages_00049_sm.jpg,/objects/thumbs/col010_mfdimages_00049_th.jpg
col010_mfdimages_00050.jpg,/objects/col010_mfdimages_00050.jpg,/objects/small/col010_mfdimages_00050_sm.jpg,/objects/thumbs/col010_mfdimages_00050_th.jpg
col010_mfdimages_00051.jpg,/objects/col010_mfdimages_00051.jpg,/objects/small/col010_mfdimages_00051_sm.jpg,/objects/thumbs/col010_mfdimages_00051_th.jpg
col010_mfdimages_00052.jpg,/objects/col010_mfdimages_00052.jpg,/objects/small/col010_mfdimages_00052_sm.jpg,/objects/thumbs/col010_mfdimages_00052_th.jpg
col010_mfdimages_00053.jpg,/objects/col010_mfdimages_00053.jpg,/objects/small/col010_mfdimages_00053_sm.jpg,/objects/thumbs/col010_mfdimages_00053_th.jpg
col010_mfdimages_00054.jpg,/objects/col010_mfdimages_00054.jpg,/objects/small/col010_mfdimages_00054_sm.jpg,/objects/thumbs/col010_mfdimages_00054_th.jpg
col010_mfdimages_00055.jpg,/objects/col010_mfdimages_00055.jpg,/objects/small/col010_mfdimages_00055_sm.jpg,/objects/thumbs/col010_mfdimages_00055_th.jpg
col010_mfdimages_00056.jpg,/objects/col010_mfdimages_00056.jpg,/objects/small/col010_mfdimages_00056_sm.jpg,/objects/thumbs/col010_mfdimages_00056_th.jpg
col010_mfdimages_00057.jpg,/objects/col010_mfdimages_00057.jpg,/objects/small/col010_mfdimages_00057_sm.jpg,/objects/thumbs/col010_mfdimages_00057_th.jpg
col010_mfdimages_00058.jpg,/objects/col010_mfdimages_00058.jpg,/objects/small/col010_mfdimages_00058_sm.jpg,/objects/thumbs/col010_mfdimages_00058_th.jpg
col010_mfdimages_00059.jpg,/objects/col010_mfdimages_00059.jpg,/objects/small/col010_mfdimages_00059_sm.jpg,/objects/thumbs/col010_mfdimages_00059_th.jpg
col010_mfdimages_00060.jpg,/objects/col010_mfdimages_00060.jpg,/objects/small/col010_mfdimages_00060_sm.jpg,/objects/thumbs/col010_mfdimages_00060_th.jpg
col010_mfdimages_00061.jpg,/objects/col010_mfdimages_00061.jpg,/objects/small/col010_mfdimages_00061_sm.jpg,/objects/thumbs/col010_mfdimages_00061_th.jpg
col010_mfdimages_00062.jpg,/objects/col010_mfdimages_00062.jpg,/objects/small/col010_mfdimages_00062_sm.jpg,/objects/thumbs/col010_mfdimages_00062_th.jpg
col010_mfdimages_00063.jpg,/objects/col010_mfdimages_00063.jpg,/objects/small/col010_mfdimages_00063_sm.jpg,/objects/thumbs/col010_mfdimages_00063_th.jpg
col010_mfdimages_00064.jpg,/objects/col010_mfdimages_00064.jpg,/objects/small/col010_mfdimages_00064_sm.jpg,/objects/thumbs/col010_mfdimages_00064_th.jpg
col010_mfdimages_00065.jpg,/objects/col010_mfdimages_00065.jpg,/objects/small/col010_mfdimages_00065_sm.jpg,/objects/thumbs/col010_mfdimages_00065_th.jpg
col010_mfdimages_00066.jpg,/objects/col010_mfdimages_00066.jpg,/objects/small/col010_mfdimages_00066_sm.jpg,/objects/thumbs/col010_mfdimages_00066_th.jpg
col010_mfdimages_00067.jpg,/objects/col010_mfdimages_00067.jpg,/objects/small/col010_mfdimages_00067_sm.jpg,/objects/thumbs/col010_mfdimages_00067_th.jpg
col010_mfdimages_00068.jpg,/objects/col010_mfdimages_00068.jpg,/objects/small/col010_mfdimages_00068_sm.jpg,/objects/thumbs/col010_mfdimages_00068_th.jpg
col010_mfdimages_00069.jpg,/objects/col010_mfdimages_00069.jpg,/objects/small/col010_mfdimages_00069_sm.jpg,/objects/thumbs/col010_mfdimages_00069_th.jpg
col010_mfdimages_00070.jpg,/objects/col010_mfdimages_00070.jpg,/objects/small/col010_mfdimages_00070_sm.jpg,/objects/thumbs/col010_mfdimages_00070_th.jpg
col010_mfdimages_00071.jpg,/objects/col010_mfdimages_00071.jpg,/objects/small/col010_mfdimages_00071_sm.jpg,/objects/thumbs/col010_mfdimages_00071_th.jpg
col010_mfdimages_00072.jpg,/objects/col010_mfdimages_00072.jpg,/objects/small/col010_mfdimages_00072_sm.jpg,/objects/thumbs/col010_mfdimages_00072_th.jpg
col010_mfdimages_00073.jpg,/objects/col010_mfdimages_00073.jpg,/objects/small/col010_mfdimages_00073_sm.jpg,/objects/thumbs/col010_mfdimages_00073_th.jpg
col010_mfdimages_00074.jpg,/objects/col010_mfdimages_00074.jpg,/objects/small/col010_mfdimages_00074_sm.jpg,/objects/thumbs/col010_mfdimages_00074_th.jpg
col010_mfdimages_00075.jpg,/objects/col010_mfdimages_00075.jpg,/objects/small/col010_mfdimages_00075_sm.jpg,/objects/thumbs/col010_mfdimages_00075_th.jpg
col010_mfdimages_00076.jpg,/objects/col010_mfdimages_00076.jpg,/objects/small/col010_mfdimages_00076_sm.jpg,/objects/thumbs/col010_mfdimages_00076_th.jpg
col010_mfdimages_00077.jpg,/objects/col010_mfdimages_00077.jpg,/objects/small/col010_mfdimages_00077_sm.jpg,/objects/thumbs/col010_mfdimages_00077_th.jpg
col010_mfdimages_00078.jpg,/objects/col010_mfdimages_00078.jpg,/objects/small/col010_mfdimages_00078_sm.jpg,/objects/thumbs/col010_mfdimages_00078_th.jpg
col010_mfdimages_00079.jpg,/objects/col010_mfdimages_00079.jpg,/objects/small/col010_mfdimages_00079_sm.jpg,/objects/thumbs/col010_mfdimages_00079_th.jpg
col010_mfdimages_00080.jpg,/objects/col010_mfdimages_00080.jpg,/objects/small/col010_mfdimages_00080_sm.jpg,/objects/thumbs/col010_mfdimages_00080_th.jpg
col010_mfdimages_00081.jpg,/objects/col010_mfdimages_00081.jpg,/objects/small/col010_mfdimages_00081_sm.jpg,/objects/thumbs/col010_mfdimages_00081_th.jpg
col010_mfdimages_00082.jpg,/objects/col010_mfdimages_00082.jpg,/objects/small/col010_mfdimages_00082_sm.jpg,/objects/thumbs/col010_mfdimages_00082_th.jpg
col010_mfdimages_00083.jpg,/objects/col010_mfdimages_00083.jpg,/objects/small/col010_mfdimages_00083_sm.jpg,/objects/thumbs/col010_mfdimages_00083_th.jpg
col010_mfdimages_00084.jpg,/objects/col010_mfdimages_00084.jpg,/objects/small/col010_mfdimages_00084_sm.jpg,/objects/thumbs/col010_mfdimages_00084_th.jpg
col010_mfdimages_00085.jpg,/objects/col010_mfdimages_00085.jpg,/objects/small/col010_mfdimages_00085_sm.jpg,/objects/thumbs/col010_mfdimages_00085_th.jpg
col010_mfdimages_00086.jpg,/objects/col010_mfdimages_00086.jpg,/objects/small/col010_mfdimages_00086_sm.jpg,/objects/thumbs/col010_mfdimages_00086_th.jpg
col010_mfdimages_00087.jpg,/objects/col010_mfdimages_00087.jpg,/objects/small/col010_mfdimages_00087_sm.jpg,/objects/thumbs/col010_mfdimages_00087_th.jpg
col010_mfdimages_00088.jpg,/objects/col010_mfdimages_00088.jpg,/objects/small/col010_mfdimages_00088_sm.jpg,/objects/thumbs/col010_mfdimages_00088_th.jpg
col010_mfdimages_00089.jpg,/objects/col010_mfdimages_00089.jpg,/objects/small/col010_mfdimages_00089_sm.jpg,/objects/thumbs/col010_mfdimages_00089_th.jpg
col010_mfdimages_00090.jpg,/objects/col010_mfdimages_00090.jpg,/objects/small/col010_mfdimages_00090_sm.jpg,/objects/thumbs/col010_mfdimages_00090_th.jpg
col010_mfdimages_00091.jpg,/objects/col010_mfdimages_00091.jpg,/objects/small/col010_mfdimages_00091_sm.jpg,/objects/thumbs/col010_mfdimages_00091_th.jpg
col010_mfdimages_00092.jpg,/objects/col010_mfdimages_00092.jpg,/objects/small/col010_mfdimages_00092_sm.jpg,/objects/thumbs/col010_mfdimages_00092_th.jpg
col010_mfdimages_00093.jpg,/objects/col010_mfdimages_00093.jpg,/objects/small/col010_mfdimages_00093_sm.jpg,/objects/thumbs/col010_mfdimages_00093_th.jpg
col010_mfdimages_00094.jpg,/objects/col010_mfdimages_00094.jpg,/objects/small/col010_mfdimages_00094_sm.jpg,/objects/thumbs/col010_mfdimages_00094_th.jpg
col010_mfdimages_00095.jpg,/objects/col010_mfdimages_00095.jpg,/objects/small/col010_mfdimages_00095_sm.jpg,/objects/thumbs/col010_mfdimages_00095_th.jpg
col010_mfdimages_00096.jpg,/objects/col010_mfdimages_00096.jpg,/objects/small/col010_mfdimages_00096_sm.jpg,/objects/thumbs/col010_mfdimages_00096_th.jpg
col010_mfdimages_00097.jpg,/objects/col010_mfdimages_00097.jpg,/objects/small/col010_mfdimages_00097_sm.jpg,/objects/thumbs/col010_mfdimages_00097_th.jpg
col010_mfdimages_00098.jpg,/objects/col010_mfdimages_00098.jpg,/objects/small/col010_mfdimages_00098_sm.jpg,/objects/thumbs/col010_mfdimages_00098_th.jpg
col010_mfdimages_00099.jpg,/objects/col010_mfdimages_00099.jpg,/objects/small/col010_mfdimages_00099_sm.jpg,/objects/thumbs/col010_mfdimages_00099_th.jpg
col010_mfdimages_00100.jpg,/objects/col010_mfdimages_00100.jpg,/objects/small/col010_mfdimages_00100_sm.jpg,/objects/thumbs/col010_mfdimages_00100_th.jpg
col010_mfdimages_00101.jpg,/objects/col010_mfdimages_00101.jpg,/objects/small/col010_mfdimages_00101_sm.jpg,/objects/thumbs/col010_mfdimages_00101_th.jpg
col010_mfdimages_00102.jpg,/objects/col010_mfdimages_00102.jpg,/objects/small/col010_mfdimages_00102_sm.jpg,/objects/thumbs/col010_mfdimages_00102_th.jpg
col010_mfdimages_00103.jpg,/objects/col010_mfdimages_00103.jpg,/objects/small/col010_mfdimages_00103_sm.jpg,/objects/thumbs/col010_mfdimages_00103_th.jpg
col010_mfdimages_00104.jpg,/objects/col010_mfdimages_00104.jpg,/objects/small/col010_mfdimages_00104_sm.jpg,/objects/thumbs/col010_mfdimages_00104_th.jpg
col010_mfdimages_00105.jpg,/objects/col010_mfdimages_00105.jpg,/objects/small/col010_mfdimages_00105_sm.jpg,/objects/thumbs/col010_mfdimages_00105_th.jpg
col010_mfdimages_00106.jpg,/objects/col010_mfdimages_00106.jpg,/objects/small/col010_mfdimages_00106_sm.jpg,/objects/thumbs/col010_mfdimages_00106_th.jpg
col010_mfdimages_00107.jpg,/objects/col010_mfdimages_00107.jpg,/objects/small/col010_mfdimages_00107_sm.jpg,/objects/thumbs/col010_mfdimages_00107_th.jpg
col010_mfdimages_00108.jpg,/objects/col010_mfdimages_00108.jpg,/objects/small/col010_mfdimages_00108_sm.jpg,/objects/thumbs/col010_mfdimages_00108_th.jpg
col010_mfdimages_00109.jpg,/objects/col010_mfdimages_00109.jpg,/objects/small/col010_mfdimages_00109_sm.jpg,/objects/thumbs/col010_mfdimages_00109_th.jpg
col010_mfdimages_00110.jpg,/objects/col010_mfdimages_00110.jpg,/objects/small/col010_mfdimages_00110_sm.jpg,/objects/thumbs/col010_mfdimages_00110_th.jpg
col010_mfdimages_00111.jpg,/objects/col010_mfdimages_00111.jpg,/objects/small/col010_mfdimages_00111_sm.jpg,/objects/thumbs/col010_mfdimages_00111_th.jpg
col010_mfdimages_00112.jpg,/objects/col010_mfdimages_00112.jpg,/objects/small/col010_mfdimages_00112_sm.jpg,/objects/thumbs/col010_mfdimages_00112_th.jpg
col010_mfdimages_00113.jpg,/objects/col010_mfdimages_00113.jpg,/objects/small/col010_mfdimages_00113_sm.jpg,/objects/thumbs/col010_mfdimages_00113_th.jpg
col010_mfdimages_00114.jpg,/objects/col010_mfdimages_00114.jpg,/objects/small/col010_mfdimages_00114_sm.jpg,/objects/thumbs/col010_mfdimages_00114_th.jpg
col010_mfdimages_00115.jpg,/objects/col010_mfdimages_00115.jpg,/objects/small/col010_mfdimages_00115_sm.jpg,/objects/thumbs/col010_mfdimages_00115_th.jpg
col010_mfdimages_00116.jpg,/objects/col010_mfdimages_00116.jpg,/objects/small/col010_mfdimages_00116_sm.jpg,/objects/thumbs/col010_mfdimages_00116_th.jpg
col010_mfdimages_00117.jpg,/objects/col010_mfdimages_00117.jpg,/objects/small/col010_mfdimages_00117_sm.jpg,/objects/thumbs/col010_mfdimages_00117_th.jpg
col010_mfdimages_00118.jpg,/objects/col010_mfdimages_00118.jpg,/objects/small/col010_mfdimages_00118_sm.jpg,/objects/thumbs/col010_mfdimages_00118_th.jpg
col010_mfdimages_00119.jpg,/objects/col010_mfdimages_00119.jpg,/objects/small/col010_mfdimages_00119_sm.jpg,/objects/thumbs/col010_mfdimages_00119_th.jpg
col010_mfdimages_00120.jpg,/objects/col010_mfdimages_00120.jpg,/objects/small/col010_mfdimages_00120_sm.jpg,/objects/thumbs/col010_mfdimages_00120_th.jpg
col010_mfdimages_00121.jpg,/objects/col010_mfdimages_00121.jpg,/objects/small/col010_mfdimages_00121_sm.jpg,/objects/thumbs/col010_mfdimages_00121_th.jpg
col010_mfdimages_00122.jpg,/objects/col010_mfdimages_00122.jpg,/objects/small/col010_mfdimages_00122_sm.jpg,/objects/thumbs/col010_mfdimages_00122_th.jpg
